Person1,Person2
13,88
44,155
16,93
136,158
34,147
139,163
56,165
69,104
14,168
41,42
113,147
25,34
30,112
2,50
62,101
7,165
20,104
4,96
55,61
41,163
25,155
44,168
48,58
15,110
92,101
37,165
78,166
50,104
36,169
11,112
71,163
30,125
84,102
103,115
122,128
1,67
22,126
96,112
127,179
25,168
101,126
78,179
31,67
17,169
3,5
75,110
11,125
52,126
112,177
24,64
84,115
29,179
58,62
3,126
108,179
79,121
82,126
73,77
59,179
12,67
3,18
94,136
33,126
52,139
93,140
65,78
10,142
68,83
128,134
67,124
58,75
3,139
89,142
42,67
121,131
0,70
63,126
56,86
9,11
74,140
93,153
5,40
65,91
68,96
70,142
89,155
28,145
0,83
13,22
32,35
16,27
35,40
34,81
9,24
28,37
14,102
74,153
27,41
16,148
20,38
4,30
23,43
25,89
13,35
44,102
104,153
164,167
16,40
62,156
81,169
122,170
20,159
78,100
97,113
14,115
55,116
96,154
8,41
13,156
30,59
20,51
92,156
152,170
4,43
50,159
25,102
44,115
11,167
85,116
145,167
38,41
84,157
20,172
59,100
18,62
78,113
23,177
97,126
50,51
17,103
96,167
1,14
73,119
6,129
64,70
50,172
22,73
85,129
126,130
167,168
24,119
84,170
15,70
1,135
59,113
3,181
163,170
52,73
115,129
12,122
3,73
0,4
119,140
12,14
58,130
33,73
10,89
7,20
67,71
26,33
28,79
88,130
0,17
65,146
7,141
26,154
14,36
0,138
16,82
35,95
67,84
37,141
28,92
129,144
5,108
2,39
7,154
81,103
26,167
20,93
143,163
14,49
41,152
16,95
29,34
6,50
56,167
50,93
14,170
41,44
8,96
25,36
11,101
2,52
62,103
103,104
4,98
64,112
124,163
36,50
96,101
127,168
44,170
38,96
15,112
59,155
78,168
50,106
94,112
27,122
154,163
11,114
71,165
30,127
84,104
1,69
4,111
45,112
64,125
17,50
36,63
3,115
22,128
15,125
101,128
59,168
3,7
75,112
33,115
52,128
112,179
24,66
10,131
1,82
45,125
58,64
3,128
89,131
22,141
61,69
10,23
63,115
82,128
101,141
142,179
12,69
75,125
116,126
33,128
52,141
93,142
46,67
10,144
68,85
128,136
67,126
26,88
89,144
42,69
19,85
5,150
82,141
40,144
12,82
9,13
74,142
93,155
5,42
65,93
49,85
68,98
26,101
20,27
39,40
70,144
23,32
28,147
0,85
5,163
13,24
44,91
16,29
35,42
62,145
81,158
37,88
9,26
14,104
74,155
13,145
32,158
71,86
35,163
7,101
134,142
153,155
20,40
92,145
4,32
9,147
50,148
83,96
13,37
44,104
30,169
16,42
62,158
15,46
34,96
4,153
37,101
78,102
96,156
8,43
13,158
16,163
134,155
1,3
4,45
50,161
69,174
22,62
27,177
25,104
11,169
38,43
84,159
15,59
59,102
4,166
78,115
23,179
55,131
96,169
52,62
112,113
10,65
1,16
73,121
3,62
22,75
85,131
167,170
38,56
84,172
40,65
59,115
100,116
163,172
33,62
52,75
112,126
10,78
115,131
73,134
12,124
3,75
126,145
0,6
65,135
68,140
40,78
12,16
33,75
19,140
32,79
35,84
7,22
26,35
67,73
70,78
89,91
9,68
28,81
0,19
68,153
81,92
39,95
125,135
144,148
14,38
0,140
74,89
19,153
13,79
32,92
16,84
35,97
7,35
9,81
28,94
14,159
49,153
2,41
62,92
20,95
39,108
13,92
44,159
29,36
6,52
37,156
50,95
14,172
25,38
44,51
11,103
30,116
131,168
43,55
84,93
20,108
4,100
124,165
17,39
36,52
55,65
96,103
41,167
25,159
38,98
15,114
6,65
78,170
110,122
71,167
112,168
43,68
1,71
87,111
64,127
17,52
36,65
22,130
79,112
10,12
82,117
15,127
101,130
142,168
59,170
12,58
3,9
75,114
52,130
24,68
65,69
68,74
1,84
12,179
3,130
42,58
79,125
10,25
82,130
12,71
42,179
116,128
135,141
33,130
74,131
93,144
46,69
65,82
128,138
67,128
42,71
61,84
0,74
5,152
81,147
116,141
9,15
14,93
74,144
46,82
5,44
32,147
26,103
67,141
39,42
23,34
9,136
83,85
41,88
5,165
13,26
44,93
32,39
104,144
2,96
35,44
62,147
34,85
20,150
39,163
56,103
23,155
96,145
8,32
13,147
11,37
30,50
71,88
35,165
153,157
20,42
92,147
4,34
69,163
25,93
122,174
20,163
59,91
4,155
78,104
96,158
27,58
11,50
16,165
29,104
1,5
50,163
3,51
22,64
24,110
1,126
59,104
4,168
52,64
112,115
10,67
31,126
3,64
22,77
8,179
75,169
167,172
126,134
170,177
40,67
163,174
61,126
52,77
73,136
12,126
28,70
47,83
0,8
126,147
5,86
68,142
26,145
58,134
42,126
102,140
14,27
0,129
74,78
32,81
51,94
7,24
26,37
67,75
12,139
56,145
130,131
28,83
14,148
65,150
151,153
49,142
68,155
62,81
26,158
141,145
20,84
144,150
83,140
102,153
14,40
0,142
74,91
13,81
44,148
35,99
95,150
7,37
34,140
53,153
37,145
9,83
50,84
113,140
25,27
90,156
62,94
7,158
20,97
125,150
39,110
4,89
23,102
83,153
13,94
44,161
29,38
34,153
78,159
50,97
69,110
8,100
113,153
25,40
11,105
71,156
84,95
4,102
64,116
124,167
17,41
22,119
55,67
59,159
78,172
75,103
8,113
154,167
52,119
24,57
43,70
1,73
73,178
105,167
3,119
10,14
12,60
58,176
3,11
75,116
5,20
24,70
65,71
10,135
58,68
89,135
77,81
0,63
12,73
5,33
46,71
65,84
10,148
68,89
26,92
67,130
42,73
19,89
13,15
16,20
40,148
34,74
37,79
9,17
28,30
14,95
93,159
46,84
13,136
32,149
30,39
16,141
39,44
92,136
4,23
23,36
69,152
5,167
25,82
13,28
44,95
16,33
122,163
20,152
39,165
37,92
78,93
14,108
96,147
8,34
13,149
11,39
30,52
35,167
20,44
4,36
50,152
69,165
8,155
25,95
85,109
43,112
103,163
20,165
59,93
4,157
17,96
55,122
11,52
38,155
57,168
1,7
73,112
45,50
50,165
110,179
22,66
8,168
85,122
84,163
43,125
1,128
4,170
36,122
3,174
140,179
52,66
57,181
10,69
115,122
1,20
73,125
12,115
91,179
167,174
126,136
24,125
65,126
170,179
68,131
1,141
40,69
42,115
80,141
33,66
10,82
51,83
54,125
95,126
155,177
7,13
12,128
47,85
0,10
46,126
68,144
40,82
7,134
81,83
26,147
125,126
58,136
42,128
14,29
0,131
13,70
32,83
35,88
95,139
7,26
26,39
67,77
70,82
28,85
14,150
0,23
49,144
62,83
7,147
81,96
141,147
125,139
83,142
14,42
0,144
13,83
32,96
16,88
2,153
35,101
136,153
34,142
37,147
97,161
9,85
50,86
14,163
113,142
25,29
62,96
39,112
4,91
23,104
36,43
55,56
25,150
44,163
38,89
92,96
6,56
78,161
59,148
50,99
8,102
113,155
25,42
71,158
112,159
84,97
1,62
106,115
4,104
17,43
36,56
22,121
25,163
85,177
38,102
24,167
57,115
142,159
78,174
31,62
110,126
52,121
112,172
24,59
10,124
84,110
115,177
54,167
1,75
17,56
3,121
22,134
10,16
82,121
142,172
54,59
12,62
17,177
52,134
5,22
65,73
68,78
128,129
26,81
58,70
3,134
42,62
0,65
79,129
56,81
14,84
74,135
5,35
65,86
7,81
26,94
89,150
23,25
42,75
28,140
47,153
0,78
13,17
44,84
16,22
37,81
56,94
9,19
14,97
30,41
7,94
20,33
39,46
4,25
23,38
9,140
28,153
41,92
25,84
13,30
16,35
81,164
122,165
34,89
20,154
39,167
37,94
78,95
8,36
13,151
71,92
57,157
152,165
4,38
69,167
22,55
25,97
85,111
103,165
15,52
1,117
20,167
59,95
78,108
8,49
140,168
52,55
1,9
45,52
64,65
50,167
91,168
3,55
22,68
85,124
24,114
84,165
1,130
119,122
58,112
163,165
77,125
121,168
33,55
52,68
112,119
10,71
82,176
114,128
174,179
3,68
88,112
47,74
167,176
126,138
24,127
65,128
40,71
58,125
33,68
10,84
51,85
95,128
114,141
155,179
7,15
26,28
12,130
70,71
28,74
88,125
0,12
19,25
46,128
65,141
81,85
125,128
39,88
42,130
83,131
102,144
14,31
74,82
32,85
95,141
136,142
7,28
34,131
9,74
69,88
113,131
5,103
46,141
2,34
62,85
20,88
125,141
83,144
14,44
13,85
25,139
44,152
35,103
136,155
34,144
78,150
97,163
50,88
69,101
14,165
129,152
113,144
25,31
11,96
71,147
48,163
20,101
4,93
17,32
55,58
25,152
44,165
85,166
38,91
2,168
6,58
78,163
17,153
50,101
55,179
94,107
11,109
30,122
112,161
29,163
1,64
73,169
6,179
36,58
3,110
85,179
38,104
24,169
59,163
18,125
12,51
91,115
36,179
112,174
10,126
115,179
1,77
58,59
89,126
19,67
10,18
40,126
12,64
52,136
5,24
46,62
65,75
10,139
51,140
128,131
7,70
26,83
67,121
70,126
42,64
28,129
0,67
5,145
81,140
34,65
53,78
37,70
5,37
46,75
32,140
51,153
67,134
26,96
20,22
111,140
23,27
28,142
41,81
13,19
16,24
2,89
35,37
62,140
81,153
39,156
37,83
56,96
55,100
8,25
13,140
32,153
30,43
71,81
29,84
20,35
92,140
111,153
4,27
23,40
83,91
27,159
85,100
2,102
62,153
122,167
15,41
39,169
59,84
18,46
78,97
55,113
8,38
13,153
11,43
30,56
16,158
71,94
92,153
18,167
152,167
4,40
50,156
69,169
22,57
8,159
25,99
85,113
30,177
24,103
84,154
103,167
15,54
78,110
17,100
77,114
140,170
15,175
1,11
73,116
91,170
3,57
22,70
126,127
84,167
43,129
17,113
58,114
163,167
52,70
10,73
73,129
155,168
88,114
0,1
126,140
65,130
68,135
40,73
67,176
42,119
14,20
0,122
32,74
95,130
7,17
26,30
67,68
70,73
0,14
68,148
62,74
125,130
14,33
74,84
13,74
16,79
35,92
136,144
7,30
6,34
28,89
129,141
71,136
2,36
39,103
4,82
23,95
25,141
16,92
97,165
50,90
55,168
8,93
25,33
131,163
84,88
43,50
20,103
6,168
4,95
105,147
17,34
22,112
96,98
25,154
85,168
57,106
161,163
78,165
17,155
91,104
52,112
112,163
24,50
84,101
115,168
64,122
3,112
22,125
168,179
82,112
15,122
142,163
101,125
59,165
17,168
3,4
33,112
52,125
10,128
68,69
58,61
3,125
89,128
88,169
0,56
19,69
82,125
40,128
100,179
75,122
42,174
33,125
74,126
5,26
65,77
10,141
51,142
68,82
26,85
70,128
89,141
42,66
28,131
0,69
104,126
40,141
81,142
34,67
56,85
9,10
14,88
5,39
32,142
49,82
35,147
7,85
67,136
70,141
9,131
28,144
25,75
44,88
16,26
62,142
81,155
37,85
14,101
96,140
55,102
27,40
13,142
32,155
11,32
30,45
71,83
16,147
20,37
92,142
4,29
9,144
50,145
69,158
25,88
11,153
85,102
44,101
145,153
30,166
2,104
15,43
20,158
4,150
23,163
97,112
17,89
36,102
96,153
55,115
8,40
11,45
30,58
71,96
73,105
6,115
50,158
3,46
22,59
85,115
30,179
38,40
24,105
84,156
15,56
1,121
4,163
3,167
36,115
140,172
52,59
38,161
57,174
10,62
15,177
1,13
12,108
3,59
33,167
126,129
84,169
40,62
119,126
58,116
3,180
163,169
63,167
155,170
28,65
0,3
5,81
40,75
26,140
67,178
61,134
14,22
0,124
35,81
67,70
26,32
70,75
56,140
9,65
28,78
129,130
0,16
5,94
2,25
7,140
81,89
26,153
20,79
39,92
23,84
83,135
14,35
16,81
35,94
6,36
37,140
56,153
9,78
50,79
69,92
14,156
27,95
30,100
2,38
62,89
20,92
4,84
13,89
44,156
57,95
15,98
59,141
97,167
50,92
69,105
8,95
25,35
30,113
131,165
24,39
43,52
48,167
1,55
4,97
17,36
22,114
127,167
85,170
38,95
1,176
161,165
78,167
119,168
11,113
52,114
112,165
24,52
43,65
84,103
115,170
1,68
3,114
108,167
82,114
142,165
58,171
33,114
93,128
5,15
10,130
68,71
26,74
67,112
3,127
130,168
42,55
0,58
79,122
5,136
82,127
40,130
12,68
56,74
0,179
74,128
33,127
179,181
93,141
5,28
32,131
65,79
51,144
68,84
35,136
7,74
67,125
70,130
42,68
0,71
104,128
62,131
81,144
34,69
39,147
37,74
9,12
74,141
13,131
32,144
30,34
16,136
20,26
4,18
69,147
41,85
13,23
30,155
104,141
16,28
2,93
62,144
122,158
34,82
20,147
4,139
78,88
96,142
13,144
99,147
11,34
71,85
57,150
76,163
29,88
134,141
92,144
152,158
4,31
23,44
50,147
8,150
27,163
11,155
85,104
30,168
84,145
106,163
4,152
78,101
23,165
17,91
96,155
8,42
38,150
57,163
15,166
1,2
3,48
8,163
11,168
52,169
38,42
84,158
15,58
59,101
64,179
17,104
58,105
3,169
140,174
52,61
38,163
10,64
82,169
15,179
12,110
3,61
33,169
126,131
167,169
65,121
68,126
1,136
128,177
100,115
163,171
42,110
19,126
10,77
51,78
7,8
158,177
75,179
28,67
0,5
46,121
65,134
49,126
68,139
39,81
14,24
0,126
74,75
13,65
32,78
16,70
35,83
95,134
34,124
56,142
9,67
69,81
5,96
62,78
7,142
81,91
26,155
20,81
39,94
14,37
41,140
13,78
44,145
32,91
16,83
35,96
37,142
50,81
14,158
129,145
55,159
8,84
11,89
71,140
30,102
90,153
2,40
20,94
64,100
17,25
36,38
41,153
44,158
85,159
38,84
15,100
78,156
91,95
36,159
55,172
30,115
71,153
112,154
131,167
24,41
84,92
115,159
64,113
17,38
36,51
22,116
168,170
85,172
38,97
15,113
161,167
12,44
17,159
75,100
52,116
112,167
84,105
10,119
115,172
22,129
42,44
10,11
142,167
12,57
31,70
75,113
52,129
5,17
65,68
68,73
58,65
61,70
5,138
82,129
34,58
135,140
14,79
74,130
5,30
46,68
32,133
67,127
26,89
9,122
28,135
0,73
16,17
62,133
20,136
23,141
56,89
9,14
14,92
13,133
71,74
30,36
20,28
39,41
4,20
23,33
83,84
25,79
44,92
85,93
16,30
2,95
103,147
15,34
59,77
4,141
96,144
27,44
11,36
71,87
15,155
4,33
110,163
22,50
27,165
25,92
30,170
84,147
1,112
18,52
64,168
8,44
140,163
38,152
57,165
15,168
1,4
91,163
3,50
75,155
8,165
1,125
128,166
147,179
61,112
121,163
38,165
10,66
40,174
73,122
12,112
31,125
177,179
3,63
75,168
167,171
126,133
68,128
128,179
40,66
67,169
42,112
61,125
0,115
19,128
79,179
32,67
7,10
12,125
158,179
56,131
28,69
0,7
5,85
65,136
49,128
68,141
109,179
62,67
7,131
26,144
39,83
42,125
83,126
14,26
0,128
74,77
19,141
13,67
35,85
34,126
37,131
9,69
28,82
14,147
113,126
30,91
2,29
7,144
81,93
20,83
39,96
125,136
4,75
83,139
143,153
41,142
13,80
44,147
16,85
37,144
50,83
69,96
55,161
25,26
30,104
71,142
131,156
2,42
48,158
20,96
4,88
124,153
17,27
36,40
22,105
41,155
25,147
85,161
2,163
29,37
15,102
78,158
50,96
11,104
52,105
112,156
131,169
24,43
84,94
115,161
1,59
64,115
17,40
43,177
15,115
142,156
59,158
100,159
12,46
75,102
94,115
112,169
24,56
10,121
115,174
73,177
12,167
42,46
65,178
10,13
142,169
12,59
42,167
75,115
46,57
65,70
49,62
68,75
109,113
7,65
67,116
26,78
86,129
42,59
0,62
5,140
81,135
37,65
56,78
14,81
46,70
13,122
32,135
5,32
16,127
49,75
35,140
7,78
70,134
9,124
69,138
5,153
25,68
13,14
44,81
2,84
62,135
81,148
37,78
9,16
14,94
55,95
8,20
27,33
13,135
32,148
11,25
30,38
16,140
35,153
20,30
6,95
92,135
4,22
23,35
50,138
8,141
41,89
25,81
85,95
30,159
15,36
78,92
23,156
36,95
8,33
11,38
38,141
71,89
57,154
30,51
4,35
50,151
3,39
22,52
27,167
30,172
1,114
106,167
147,168
59,92
4,156
17,95
22,173
140,165
33,39
57,167
15,170
1,6
91,165
3,52
22,65
52,173
84,162
43,124
1,127
128,168
40,55
121,165
33,52
52,65
10,68
51,69
114,125
155,163
12,114
75,170
28,58
167,173
46,112
5,74
65,125
68,130
109,168
40,68
58,122
42,114
102,128
14,15
35,74
95,125
7,12
12,127
158,181
28,71
88,122
47,84
0,9
46,125
65,138
62,69
81,82
39,85
9,179
83,128
102,141
14,28
0,130
41,131
74,79
32,82
16,74
117,126
34,128
53,141
69,85
14,149
113,128
71,131
30,93
62,82
48,147
20,85
6,150
4,77
83,141
41,144
13,82
25,136
136,152
15,91
78,147
50,85
36,150
55,163
8,88
113,141
25,28
24,32
6,163
4,90
64,104
17,29
36,42
85,163
38,88
2,165
43,166
15,104
1,169
59,147
17,150
36,163
110,112
94,104
112,158
84,96
43,58
115,163
10,110
73,166
17,42
66,163
126,177
38,101
79,102
43,179
142,158
17,163
91,112
75,104
5,8
73,179
26,67
67,105
12,169
42,48
47,126
0,51
24,179
58,177
56,67
42,169
46,59
32,124
65,72
68,77
35,129
109,115
7,67
26,80
89,136
28,126
0,64
5,142
34,62
39,140
37,67
116,131
14,83
74,134
35,142
48,81
92,124
4,11
9,126
69,140
41,78
25,70
13,16
44,83
20,140
39,153
78,81
14,96
8,22
71,78
16,142
30,40
20,32
4,24
23,37
50,140
69,153
22,41
25,83
44,96
85,97
43,100
84,138
15,38
20,153
59,81
4,145
23,158
17,84
55,110
96,148
8,35
140,154
11,40
15,159
73,100
50,153
110,167
3,41
85,110
24,100
84,151
45,159
17,97
36,110
121,154
140,167
38,156
82,162
15,172
73,113
91,167
75,159
24,113
65,114
68,119
1,129
128,170
40,57
58,111
42,103
121,167
10,70
95,114
155,165
75,172
65,127
40,70
67,173
39,74
58,124
14,17
0,119
13,58
32,71
16,63
114,140
7,14
28,73
69,74
14,138
46,127
5,89
2,20
62,71
7,135
81,84
20,74
125,127
14,30
13,71
32,84
44,138
16,76
2,141
35,89
117,128
136,141
9,73
50,74
11,82
30,95
62,84
23,92
83,143
85,152
6,44
55,165
11,95
30,108
112,147
24,34
84,85
1,50
6,165
4,92
45,93
105,144
3,96
36,44
85,165
57,103
43,168
15,106
101,109
142,147
119,163
36,165
75,93
94,106
33,96
10,112
84,98
115,165
73,168
89,112
22,122
149,163
126,179
79,104
24,168
40,112
100,163
12,50
17,165
77,179
52,122
5,10
10,125
26,69
67,107
70,112
130,163
89,125
42,50
28,115
47,128
46,169
5,131
82,122
40,125
81,126
141,177
58,179
0,174
93,136
32,126
68,79
35,131
7,69
26,82
111,126
9,115
28,128
88,179
47,141
0,66
5,144
62,126
81,139
34,64
20,129
39,142
37,69
56,82
14,85
74,136
13,126
32,139
16,131
35,144
7,82
48,83
92,126
4,13
23,26
9,128
50,129
44,85
30,150
16,23
2,88
103,140
122,153
20,142
39,155
4,134
78,83
8,24
11,29
30,42
16,144
48,96
133,140
152,153
4,26
50,142
69,155
22,43
8,145
25,85
30,163
84,140
43,102
103,153
122,166
15,40
1,105
59,83
4,147
78,96
55,112
96,150
8,37
140,156
11,42
38,145
10,46
15,161
73,102
152,166
3,43
22,56
75,148
11,163
85,112
84,153
43,115
128,159
64,174
58,100
22,177
140,169
33,43
52,56
10,59
73,115
114,116
12,105
158,159
3,56
52,177
5,65
24,115
65,116
68,121
128,172
40,59
58,113
3,177
77,126
42,105
121,169
82,177
35,65
95,116
155,167
28,62
88,113
5,78
65,129
68,134
7,124
26,137
14,19
0,121
32,73
16,65
35,78
95,129
7,16
9,62
28,75
14,140
30,84
2,22
39,89
125,129
4,68
23,81
14,32
25,127
13,73
44,140
16,78
6,33
78,138
69,89
14,153
55,154
8,79
11,84
2,35
20,89
4,81
64,95
17,20
25,140
44,153
85,154
2,156
15,95
78,151
17,141
50,89
36,154
55,167
8,92
24,36
1,52
73,157
6,167
64,108
17,33
3,98
85,167
126,168
38,92
43,170
15,108
12,39
36,167
75,95
33,98
115,167
1,65
73,170
89,114
66,167
82,111
100,165
12,52
58,168
74,112
93,125
5,12
46,50
10,127
51,128
130,165
42,52
88,168
7,179
81,128
141,179
56,71
14,74
74,125
5,25
13,115
32,128
51,141
7,71
26,84
34,174
67,122
37,179
111,128
28,130
0,68
41,69
44,74
104,125
62,128
81,141
122,142
20,131
39,144
37,71
56,84
96,126
55,88
8,13
13,128
32,141
30,31
48,85
20,23
92,128
111,141
4,15
23,28
9,130
50,131
69,144
41,82
27,147
25,74
85,88
30,152
62,141
122,155
20,144
4,136
78,85
36,88
96,139
8,26
30,44
71,82
29,85
92,141
152,155
4,28
50,144
3,32
22,45
8,147
30,165
24,91
43,104
84,142
15,42
59,85
64,163
17,88
22,166
140,158
38,147
10,48
15,163
91,158
3,45
22,58
94,163
11,165
84,155
10,169
128,161
45,163
58,102
3,166
22,179
52,58
51,62
82,166
40,169
75,163
135,177
28,51
33,166
52,179
126,128
5,67
46,105
128,174
26,126
100,112
58,115
3,179
70,169
102,121
0,110
165,177
32,62
82,179
35,67
155,169
56,126
28,64
88,115
14,129
0,2
65,131
7,126
67,177
20,65
39,78
83,121
41,124
13,62
44,129
16,67
6,22
37,126
50,65
14,142
27,81
113,121
2,24
62,75
48,140
20,78
125,131
4,70
23,83
127,140
13,75
25,129
44,142
16,80
57,81
15,84
6,35
78,140
50,78
8,81
2,37
29,140
48,153
1,41
4,83
45,84
17,22
22,100
108,140
127,153
25,142
38,81
57,94
59,140
78,153
36,156
55,169
75,84
52,100
24,38
84,89
115,156
73,159
17,35
3,100
22,113
149,154
85,169
126,170
38,94
82,100
59,153
119,167
12,41
17,156
75,97
33,100
52,113
115,169
70,103
3,113
149,167
0,44
65,173
82,113
100,167
141,168
58,170
0,165
74,114
5,14
46,52
10,129
68,70
95,173
26,73
130,167
89,129
88,170
81,130
141,181
56,73
14,76
74,127
46,65
13,117
32,130
16,122
7,73
41,71
2,79
62,130
122,144
34,68
20,133
14,89
96,128
8,15
27,28
13,130
11,20
30,33
20,25
92,130
4,17
23,30
22,34
41,84
11,141
44,89
2,92
84,131
103,144
15,31
59,74
4,138
64,152
96,141
11,33
71,84
15,152
73,93
6,103
91,147
3,34
85,103
30,167
84,144
15,44
147,163
59,87
64,165
36,103
3,155
22,168
33,34
98,163
10,50
15,165
101,168
12,96
33,155
52,168
68,112
1,122
128,163
40,50
45,165
58,104
3,168
22,181
42,96
79,163
10,63
82,168
95,107
155,158
31,122
158,163
75,165
88,104
33,168
5,69
49,112
68,125
109,163
7,115
26,128
67,166
70,171
0,112
19,125
165,179
13,51
32,64
16,56
35,69
37,115
56,128
14,131
49,125
90,126
2,13
62,64
7,128
134,169
26,141
67,179
20,67
9,174
102,136
0,125
41,126
13,64
44,131
16,69
35,82
6,24
37,128
56,141
50,67
14,144
129,131
27,83
30,88
71,126
2,26
48,142
23,85
127,142
25,131
44,144
85,145
38,70
2,147
136,147
78,142
36,145
55,158
8,83
11,88
30,101
112,140
131,153
1,43
4,85
17,24
36,37
22,102
25,144
85,158
38,83
57,96
24,148
59,142
78,155
119,156
52,102
112,153
24,40
10,105
84,91
115,158
1,56
73,161
17,37
3,102
22,115
149,156
168,169
126,172
19,46
142,153
1,177
12,43
58,159
33,102
52,115
93,116
19,167
26,62
67,100
130,156
42,43
0,46
5,124
65,175
82,115
49,167
100,169
141,170
12,56
56,62
14,65
0,167
74,116
5,16
65,67
95,175
7,62
26,75
12,177
67,113
42,56
28,121
88,172
0,59
44,65
62,119
125,175
37,62
56,75
14,78
0,180
4,6
28,134
25,65
44,78
2,81
81,145
15,20
34,70
4,127
23,140
96,130
55,92
8,17
27,30
11,22
30,35
71,73
57,138
4,19
50,135
22,36
25,78
85,92
30,156
43,95
122,159
15,33
1,98
20,148
4,140
78,89
23,153
17,79
8,30
11,35
73,95
3,36
94,154
85,105
147,165
64,167
17,92
58,93
22,170
33,36
10,52
15,167
75,154
94,167
135,168
65,109
10,173
68,114
128,165
40,52
45,167
3,170
0,101
79,165
165,168
82,170
114,122
158,165
75,167
9,42
28,55
33,170
74,171
5,71
65,122
67,168
26,130
39,69
83,112
102,125
0,114
165,181
32,66
16,58
35,71
95,122
7,9
34,112
56,130
28,68
5,84
16,179
49,127
2,15
7,130
20,69
39,82
23,74
83,125
14,25
41,128
16,71
34,125
6,26
78,131
50,69
14,146
55,147
27,85
113,125
71,128
90,141
131,142
2,28
20,82
6,147
4,74
105,126
85,147
57,85
15,88
59,131
6,39
78,144
50,82
17,134
36,147
8,85
71,141
30,103
112,142
24,29
115,147
73,150
17,26
36,39
3,91
22,104
126,161
38,85
24,150
43,163
15,101
59,144
12,32
17,147
91,96
33,91
52,104
112,155
24,42
1,58
73,163
12,153
3,104
22,117
126,174
24,163
98,112
82,104
142,155
1,179
100,158
42,153
75,101
67,102
26,64
12,166
42,45
28,110
0,48
5,126
65,177
49,169
81,121
141,172
34,46
125,164
58,174
56,64
14,67
0,169
46,56
35,126
95,177
7,64
67,115
34,167
0,61
44,67
2,70
20,124
125,177
37,64
14,80
55,81
13,121
32,134
16,126
35,139
29,65
48,78
4,8
27,140
25,67
30,145
2,83
62,134
15,22
39,150
59,65
4,129
36,81
8,19
27,32
13,134
11,24
30,37
71,75
57,140
48,91
6,94
50,137
22,38
8,140
27,153
85,94
30,158
24,84
84,135
15,35
1,100
59,78
4,142
78,91
17,81
36,94
22,159
38,140
57,153
10,41
15,156
101,159
73,97
3,38
22,51
8,153
52,159
84,148
1,113
128,154
87,153
147,167
17,94
58,95
3,159
22,172
121,151
33,38
38,153
82,159
73,110
40,162
94,169
88,95
52,172
128,167
3,172
42,100
162,165
79,167
165,170
63,159
12,113
158,167
9,44
14,122
74,173
5,73
65,124
68,129
109,167
150,168
67,170
39,71
42,113
83,114
9,165
13,55
32,68
44,122
35,73
7,11
34,114
6,15
37,119
50,58
14,135
27,74
113,114
30,79
150,181
2,17
62,68
20,71
39,84
4,63
124,128
13,68
25,122
44,135
16,73
57,74
117,125
136,138
34,127
6,28
50,71
69,84
8,74
11,79
30,92
71,130
131,144
2,30
1,34
105,128
124,141
22,93
85,149
38,74
43,152
18,95
78,146
17,136
11,92
52,93
112,144
43,44
105,141
64,103
17,28
3,93
126,163
79,88
24,152
43,165
82,93
15,103
142,144
1,168
100,147
12,34
77,163
75,90
33,93
112,157
24,44
156,163
73,165
45,103
130,147
89,109
0,37
126,176
79,101
24,165
65,166
58,163
144,166
5,7
10,122
67,104
12,168
89,122
28,112
88,163
47,125
0,50
5,128
65,179
141,174
39,126
125,166
144,179
42,168
83,169
14,69
13,110
16,115
35,128
95,179
48,67
37,174
9,112
28,125
69,126
113,169
5,141
46,179
25,56
44,69
81,136
20,126
125,179
14,82
55,83
96,121
11,13
16,128
35,141
29,67
4,10
9,125
50,126
25,69
44,82
30,147
2,85
15,24
20,139
59,67
4,131
64,145
17,70
36,83
55,96
96,134
11,26
38,129
6,96
91,140
110,153
3,27
22,40
8,142
27,155
11,147
85,96
103,150
15,37
4,144
17,83
36,96
3,148
121,140
140,153
38,142
10,43
15,158
18,163
12,89
91,153
3,40
75,145
33,148
65,100
1,115
128,156
147,169
40,43
58,97
3,161
22,174
42,89
121,153
140,166
33,40
10,56
51,57
101,174
95,100
75,158
116,159
28,46
47,59
52,174
5,62
65,113
10,177
128,169
67,159
58,110
42,102
28,167
102,116
162,167
0,105
165,172
51,70
82,174
35,62
95,113
40,177
114,126
81,178
28,59
14,124
46,113
67,172
153,175
20,60
39,73
23,65
9,167
14,16
13,57
44,124
16,62
35,75
34,116
6,17
69,73
30,81
2,19
62,70
20,73
4,65
23,78
50,181
25,124
85,138
16,75
2,140
136,140
59,122
18,84
50,73
27,89
11,81
30,94
112,133
1,36
4,78
64,92
22,95
78,148
17,138
8,89
11,94
52,95
131,159
24,33
10,98
54,141
17,30
3,95
126,165
43,167
82,95
1,170
58,152
77,165
75,92
33,95
73,167
114,168
26,55
67,93
3,108
89,111
88,152
0,39
79,103
65,168
68,173
141,163
58,165
144,168
14,58
93,122
5,9
32,112
51,125
95,168
7,55
26,68
130,162
28,114
88,165
148,179
0,52
5,130
44,58
62,112
81,125
141,176
34,50
125,168
39,128
37,55
56,68
14,71
74,122
13,112
32,125
159,166
35,130
7,68
92,112
9,114
69,128
129,179
25,58
44,71
104,122
30,136
2,74
62,125
81,138
20,128
39,141
37,68
55,85
8,10
13,125
25,179
159,179
11,15
16,130
29,69
6,85
92,125
4,12
50,128
69,141
22,29
8,131
25,71
84,126
15,26
20,141
78,82
64,147
36,85
22,150
96,136
140,142
11,28
38,131
57,144
29,82
15,147
73,88
50,141
91,142
3,29
22,42
8,144
94,147
66,85
52,150
85,98
43,101
15,39
1,104
59,82
45,147
17,85
22,163
121,142
140,155
38,144
101,163
73,101
91,155
3,42
75,147
52,163
24,101
65,102
128,158
40,45
3,163
77,112
10,58
51,59
82,163
54,101
95,102
40,166
114,115
12,104
33,163
5,64
65,115
10,179
128,171
40,58
67,161
39,62
89,179
83,105
28,169
165,174
13,46
63,163
35,64
95,115
40,179
37,110
28,61
14,126
74,177
13,167
46,115
2,8
67,174
153,177
20,62
39,75
23,67
102,131
14,18
25,113
13,59
44,126
16,64
2,129
35,77
50,62
14,139
55,140
8,65
27,78
30,83
71,121
20,75
6,140
4,67
25,126
44,139
85,140
38,65
2,142
15,81
6,32
50,75
36,140
55,153
8,78
11,83
30,96
71,134
112,135
115,140
1,38
6,153
45,81
17,19
3,84
22,97
66,140
85,153
1,159
12,25
17,140
36,153
75,81
33,84
52,97
24,35
10,100
115,153
1,51
73,156
3,97
22,110
66,153
126,167
19,41
79,92
43,169
63,84
12,38
77,167
61,159
52,110
156,167
7,44
67,95
26,57
70,100
89,113
28,103
88,154
0,41
81,114
141,165
34,39
58,167
37,44
56,57
42,159
74,111
5,11
32,114
7,57
26,70
12,172
28,116
88,167
129,168
62,114
81,127
141,178
34,52
39,130
125,170
37,57
23,122
14,73
55,74
13,114
32,127
159,168
6,74
69,130
41,68
44,73
30,138
62,127
103,128
122,141
20,130
4,122
23,135
36,74
96,125
8,12
25,181
11,17
48,84
15,136
4,14
50,130
110,144
25,73
85,87
84,128
15,28
59,71
4,135
78,84
17,74
77,88
22,152
96,138
140,144
11,30
10,34
15,149
133,141
22,44
75,136
52,152
84,141
10,155
128,147
3,152
22,165
61,93
79,147
82,152
101,165
40,155
12,93
3,44
135,163
33,152
52,165
65,104
10,168
109,147
68,109
67,150
26,112
86,163
58,101
3,165
89,168
42,93
0,96
33,44
82,165
56,112
116,163
28,50
33,165
74,166
93,179
65,117
68,122
35,174
7,112
67,163
26,125
153,166
39,64
70,168
28,171
165,176
13,48
63,165
51,74
62,169
6,8
37,112
56,125
9,50
14,128
74,179
27,67
13,169
71,110
150,174
2,10
7,125
48,126
153,179
20,64
92,169
39,77
4,56
23,69
25,115
44,128
104,179
37,125
78,126
4,177
50,64
14,141
55,142
8,67
27,80
30,85
20,77
4,69
64,83
108,126
25,128
44,141
85,142
38,67
2,144
43,145
15,83
59,126
78,139
17,129
50,77
36,142
55,155
11,85
115,142
1,40
73,145
64,96
108,139
66,142
85,155
126,156
43,158
82,86
15,96
1,161
100,140
119,153
17,142
36,155
75,83
94,96
52,99
24,37
10,102
115,155
73,158
45,96
130,140
149,153
0,30
126,169
24,158
65,159
101,112
1,174
40,102
100,153
141,154
75,96
74,100
10,115
156,169
95,159
7,46
26,59
67,97
70,102
89,115
130,153
28,105
0,43
46,159
7,167
141,167
34,41
125,159
39,119
56,59
14,62
0,164
93,126
13,103
5,13
35,121
7,59
67,110
37,167
70,115
44,62
2,65
81,129
125,172
37,59
14,75
0,177
96,114
13,116
35,134
48,73
50,119
8,122
41,70
25,62
11,127
44,75
30,140
2,78
62,129
15,17
4,124
96,127
8,14
11,19
30,32
38,122
15,138
73,79
92,129
6,89
4,16
3,20
22,33
94,138
27,148
11,140
85,89
30,153
43,92
84,130
15,30
1,95
59,73
4,137
3,141
36,89
22,154
38,135
10,36
101,154
73,92
3,33
75,138
22,46
33,141
66,89
52,154
24,92
10,157
22,167
42,82
140,159
101,167
12,95
28,39
52,167
5,55
10,170
68,111
128,162
26,114
42,95
0,98
82,167
35,55
56,114
116,165
9,39
28,52
47,65
88,103
74,168
5,68
68,124
150,163
67,165
153,168
26,127
23,58
102,122
41,112
146,165
165,178
13,50
16,55
35,68
20,174
37,114
97,128
9,52
14,130
27,69
30,74
71,112
150,176
2,12
48,128
20,66
4,58
23,71
50,174
83,122
41,125
127,128
44,130
16,68
4,179
78,128
97,141
138,179
50,66
36,131
113,122
27,82
11,74
71,125
29,128
4,71
64,85
22,88
25,130
85,144
38,69
57,82
43,147
15,85
59,128
78,141
17,131
36,144
8,82
52,88
112,139
24,26
10,91
29,141
115,144
1,42
73,147
45,85
3,88
22,101
66,144
126,158
38,82
24,147
1,163
40,91
100,142
17,144
91,93
77,158
75,85
52,101
93,102
10,104
12,150
31,163
3,101
0,32
126,171
65,161
63,88
141,156
12,42
58,158
42,150
0,153
74,102
93,115
12,163
70,104
41,46
65,174
68,179
7,169
141,169
34,43
42,163
14,64
0,166
74,115
19,179
13,105
95,174
48,62
37,169
25,51
44,64
104,115
30,129
2,67
81,131
34,56
20,121
125,174
39,134
4,113
23,126
55,78
96,116
159,172
48,75
6,78
4,5
69,134
113,177
25,64
30,142
43,81
84,119
15,19
20,134
59,62
4,126
64,140
17,65
36,78
96,129
8,16
15,140
73,81
50,134
3,22
22,35
11,142
85,91
24,81
15,32
1,97
59,75
45,140
64,153
17,78
22,156
10,38
15,153
73,94
12,84
3,35
75,140
24,94
65,95
10,159
1,110
128,151
45,153
58,92
3,156
89,159
42,84
33,35
19,100
51,52
75,153
135,167
28,41
88,92
93,170
46,95
5,57
10,172
68,113
7,103
86,167
39,55
70,159
42,97
0,100
165,167
13,39
32,52
16,44
155,159
37,103
116,167
9,41
14,119
5,70
150,165
67,167
26,129
153,170
20,55
39,68
0,113
41,114
146,167
13,52
32,65
35,70
2,122
62,173
6,12
8,58
2,14
62,65
20,68
23,73
64,74
50,176
105,112
25,119
57,71
2,135
15,74
139,140
6,25
78,130
50,68
55,146
8,71
27,84
30,89
112,128
38,179
131,141
71,127
4,73
45,74
105,125
85,146
38,71
57,84
24,136
1,152
59,130
119,144
112,141
10,93
1,44
3,90
89,93
22,103
19,34
79,85
1,165
40,93
58,147
52,103
73,162
114,163
26,50
12,152
67,88
130,144
28,96
88,147
0,34
126,173
5,112
46,150
65,163
82,103
68,168
141,158
144,163
42,152
102,166
0,155
74,104
35,112
95,163
26,63
67,101
12,165
56,171
9,96
14,174
5,125
46,163
20,110
125,163
37,50
23,115
42,165
102,179
0,168
41,169
44,174
16,112
35,125
6,67
50,110
27,126
44,66
30,131
71,169
2,69
4,115
23,128
83,179
36,67
16,125
57,126
34,179
4,7
69,136
22,24
8,126
113,179
66,67
11,131
30,144
43,83
84,121
122,147
59,64
4,128
64,142
17,67
22,145
96,131
55,93
8,18
38,126
10,27
15,142
101,145
73,83
3,24
22,37
11,144
52,145
84,134
43,96
128,140
147,153
45,142
58,81
3,145
22,158
140,150
79,140
98,153
10,40
82,145
73,96
3,37
75,142
135,156
24,96
65,97
109,140
128,153
3,158
33,37
0,89
79,153
32,41
82,158
35,46
9,30
28,43
33,158
74,159
5,59
65,110
68,115
150,154
109,153
67,156
153,159
39,57
0,102
165,169
13,41
16,46
35,59
95,110
72,126
9,43
28,56
14,121
13,162
30,65
16,167
150,167
2,3
153,172
20,57
39,70
23,62
83,113
102,126
44,121
16,59
20,178
6,14
50,57
14,134
11,65
71,116
30,78
2,16
20,70
4,62
23,75
22,79
85,135
57,73
84,176
50,70
17,122
8,73
11,78
52,79
71,129
112,130
115,135
1,33
22,92
85,148
126,149
15,89
12,20
17,135
52,92
24,30
10,95
115,148
1,46
12,141
3,92
65,152
1,167
40,95
12,33
42,141
74,93
114,165
7,39
26,52
31,167
70,95
148,163
0,36
65,165
68,170
125,152
144,165
37,39
42,154
61,167
102,168
14,55
13,96
5,6
35,114
95,165
7,52
26,65
67,103
53,168
28,111
69,112
129,163
41,50
46,165
5,127
44,55
81,122
141,173
20,112
125,165
39,125
37,52
56,65
83,168
14,68
0,170
13,109
32,122
159,163
16,114
2,179
35,127
136,179
34,168
6,69
37,173
50,112
69,125
8,115
113,168
27,128
25,55
44,68
62,122
20,125
166,179
23,130
36,69
55,82
11,12
38,115
57,128
15,131
92,122
59,174
6,82
4,9
50,125
91,126
3,13
22,26
8,128
94,131
27,141
43,85
15,23
1,88
4,130
45,131
17,69
36,82
22,147
121,126
38,128
10,29
15,144
101,147
73,85
3,26
22,39
75,131
94,144
52,147
24,85
84,136
10,150
87,141
128,142
1,101
147,155
17,82
58,83
3,147
79,142
10,42
82,147
54,85
40,150
12,88
75,144
28,32
33,147
10,163
68,104
128,155
40,42
58,96
70,150
89,163
42,88
0,91
79,155
32,43
40,163
9,32
14,110
47,58
88,96
65,112
35,169
67,158
153,161
20,46
39,59
70,163
23,51
42,101
102,115
0,104
13,43
32,56
44,110
16,48
35,61
95,112
34,102
74,174
27,62
32,177
30,67
16,169
150,169
2,5
153,174
20,59
6,124
4,51
23,64
9,166
83,115
28,179
25,110
13,56
104,174
57,62
2,126
15,65
34,115
6,16
4,172
78,121
50,59
8,62
113,115
27,75
13,177
11,67
2,18
1,22
4,64
45,65
64,78
124,129
22,81
66,124
38,62
43,140
15,78
78,134
17,124
163,178
8,75
52,81
1,35
73,140
45,78
3,81
22,94
85,150
126,151
24,140
43,153
40,84
59,134
12,22
75,78
33,81
52,94
93,95
112,145
115,150
73,153
26,41
67,79
70,84
3,94
0,25
79,89
24,153
65,154
82,94
141,149
12,35
74,95
32,98
54,153
114,167
7,41
67,92
12,156
56,162
130,148
28,100
148,165
0,38
46,154
65,167
62,98
7,162
141,162
34,36
39,114
144,167
37,41
16,103
35,116
95,167
48,55
56,175
9,100
28,113
129,165
5,129
46,167
25,44
81,124
122,125
20,114
125,167
39,127
37,54
23,119
14,70
55,71
25,165
13,111
159,165
16,116
117,168
48,68
6,71
50,114
110,128
25,57
44,70
43,74
84,112
103,125
17,58
36,71
96,122
55,84
8,9
11,14
29,68
73,74
6,84
59,176
17,179
91,128
50,127
110,141
3,15
22,28
8,130
30,148
24,74
84,125
15,25
59,68
17,71
36,84
77,85
22,149
3,136
121,128
140,141
38,130
91,141
3,28
66,84
65,88
10,152
128,144
58,85
3,149
121,141
79,144
10,44
75,146
28,34
93,163
5,50
65,101
10,165
68,106
128,157
40,44
7,96
67,147
89,165
0,93
13,32
51,58
104,150
16,37
35,50
40,165
81,166
37,96
9,34
14,112
74,163
51,179
26,122
153,163
70,165
9,155
28,168
13,45
44,112
32,58
104,163
16,50
2,115
62,166
81,179
34,104
20,169
23,174
56,122
14,125
55,126
8,51
13,166
32,179
11,56
30,69
2,7
29,110
134,163
20,61
6,126
64,67
50,169
25,112
44,125
85,126
38,51
2,128
62,179
15,67
59,110
4,174
50,61
36,126
8,64
13,179
11,69
30,82
112,121
115,126
1,24
92,179
4,66
45,67
3,70
22,83
25,125
66,126
38,64
43,142
1,145
18,85
78,136
17,126
77,140
33,70
52,83
112,134
131,147
1,37
73,142
3,83
22,96
108,136
126,153
24,142
43,155
82,83
1,158
12,24
58,140
33,83
52,96
73,155
67,81
26,43
88,140
0,27
126,166
82,96
141,151
12,37
58,153
102,159
14,46
0,148
74,97
93,110
32,100
95,156
26,56
67,94
12,158
9,89
28,102
14,167
88,153
148,167
0,40
46,156
65,169
44,46
68,174
81,113
26,177
141,164
34,38
39,116
125,156
144,169
37,43
42,158
83,159
14,59
0,161
74,110
13,100
44,167
32,113
51,126
95,169
7,56
56,177
50,103
129,167
25,46
44,59
30,124
2,62
62,113
103,114
122,127
20,116
39,129
125,169
37,56
55,73
96,111
25,167
13,113
159,167
6,73
69,129
25,59
2,75
84,114
122,140
18,19
36,73
22,138
96,124
8,11
11,16
38,119
10,20
29,70
3,17
22,30
85,86
52,138
84,127
1,92
128,133
17,73
58,74
3,138
121,130
10,33
15,148
73,89
18,153
3,30
75,135
52,151
10,154
68,95
147,159
58,87
42,79
0,82
32,34
82,151
35,39
40,154
12,92
28,36
93,165
5,52
65,103
10,167
39,50
89,167
42,92
83,93
0,95
13,34
16,39
35,52
40,167
81,168
14,114
74,165
93,178
13,155
32,168
48,112
153,165
20,50
70,167
4,42
23,55
25,101
104,165
16,52
62,168
6,7
78,112
138,163
14,127
55,128
96,166
13,168
11,58
30,71
134,165
20,63
6,128
4,55
23,68
41,122
25,114
11,179
85,128
44,127
145,179
2,130
43,131
62,181
15,69
59,112
6,20
78,125
4,176
50,63
17,115
36,128
96,179
55,141
11,71
38,174
71,122
29,125
115,128
1,26
73,131
6,141
64,82
22,85
66,128
85,141
126,142
38,66
24,131
15,82
1,147
59,125
100,126
17,128
36,141
52,85
112,136
10,88
115,141
1,39
73,144
12,134
45,82
31,147
3,85
22,98
126,155
24,144
65,145
82,85
40,88
12,26
58,142
75,82
42,134
33,85
7,32
67,83
12,147
70,88
0,29
5,107
65,158
63,85
68,163
7,153
81,102
141,153
58,155
144,158
42,147
19,163
93,112
51,115
95,158
7,45
26,58
67,96
37,153
70,101
28,104
14,169
88,155
0,42
62,102
7,166
81,115
26,179
141,166
34,40
125,158
56,58
102,174
14,61
0,163
55,62
96,100
13,102
32,115
48,59
9,104
50,105
129,169
41,56
30,126
62,115
29,167
39,131
4,110
36,62
55,75
96,113
25,169
159,169
29,59
59,167
92,115
69,131
8,121
11,126
24,65
43,78
84,116
103,129
15,16
1,81
17,62
36,75
22,140
38,121
10,22
101,140
73,78
3,19
22,32
8,134
66,75
52,140
24,78
84,129
128,135
17,75
3,140
22,153
61,81
10,35
82,140
101,153
73,91
12,81
94,150
33,140
52,153
5,41
65,92
10,156
128,148
26,100
67,138
3,153
42,81
0,84
79,148
32,36
82,153
35,41
56,100
9,25
28,38
14,103
33,153
74,154
88,89
93,167
46,92
65,105
35,162
7,100
26,113
67,151
153,154
20,39
39,52
89,169
42,94
83,95
28,159
0,97
13,36
44,103
95,105
81,170
56,113
157,165
14,116
74,167
27,55
32,170
153,167
20,52
39,65
92,157
4,44
28,172
25,103
104,167
4,165
37,113
78,114
138,165
50,52
96,168
55,130
27,68
13,170
30,73
57,176
2,11
134,167
1,15
50,173
22,74
85,130
38,55
57,68
119,128
36,130
8,68
11,73
52,74
112,125
131,138
115,130
1,28
64,84
3,74
66,130
85,143
126,144
38,68
18,89
100,128
119,141
12,15
17,130
58,131
33,74
24,25
114,147
26,34
47,93
88,131
0,18
126,157
65,147
68,152
100,141
141,142
12,28
58,144
144,147
42,136
74,88
10,103
51,104
95,147
7,34
67,85
130,141
28,93
88,144
46,147
68,165
40,103
81,104
26,168
141,155
125,147
102,163
14,50
0,152
74,101
19,165
93,114
13,91
16,96
37,155
56,168
129,158
113,150
5,122
25,37
44,50
62,104
7,168
34,42
23,112
83,163
55,64
96,102
13,104
25,158
35,122
34,163
37,168
78,169
113,163
25,50
11,115
44,63
30,128
43,67
4,112
23,125
64,126
124,177
36,64
96,115
41,179
15,126
3,8
94,126
11,128
30,141
24,67
1,83
59,61
4,125
45,126
64,139
17,64
3,129
22,142
10,24
101,142
54,67
75,126
52,142
65,81
68,86
1,96
128,137
147,150
58,78
3,142
22,155
42,70
61,83
140,147
10,37
82,142
116,140
135,153
33,142
52,155
5,43
46,81
65,94
10,158
128,150
7,89
67,140
58,91
89,158
42,83
13,25
32,38
82,155
35,43
81,159
34,84
37,89
56,102
116,153
28,40
32,159
7,102
67,153
26,115
153,156
9,148
0,99
146,153
165,166
13,38
44,105
16,43
35,56
62,159
37,102
56,115
157,167
74,169
13,159
30,62
71,100
153,169
20,54
39,67
92,159
4,46
23,59
41,113
85,119
38,44
2,121
6,11
4,167
78,116
138,167
50,54
96,170
13,172
11,62
30,75
112,114
71,113
16,177
1,17
4,59
64,73
50,175
127,129
24,122
57,70
15,73
59,116
78,129
17,119
11,75
131,140
10,79
1,30
45,73
75,181
22,89
126,146
100,130
12,17
52,89
67,74
26,36
12,138
70,79
3,89
89,92
0,20
126,159
79,84
65,149
49,141
82,89
40,92
141,144
12,30
144,149
42,138
14,39
0,141
33,89
32,93
35,98
7,36
70,92
9,82
28,95
129,147
0,33
5,111
68,167
62,93
141,157
102,165
14,52
0,154
74,103
13,93
136,163
34,152
92,93
27,112
25,39
44,52
2,55
34,44
4,101
83,165
96,104
55,66
41,168
16,111
57,112
76,125
136,176
29,50
34,165
6,66
69,122
8,112
113,165
25,52
71,168
30,130
2,68
43,69
1,72
20,122
4,114
64,128
124,179
22,131
38,112
15,128
50,122
3,10
22,23
8,125
94,128
11,130
52,131
24,69
43,82
1,85
45,128
64,141
105,179
58,67
3,131
22,144
38,125
79,126
10,26
82,131
15,141
101,144
73,82
31,85
3,23
75,128
94,141
135,142
33,131
52,144
24,82
65,83
10,147
68,88
128,139
45,141
3,144
89,147
61,85
0,75
10,39
82,144
40,147
12,85
56,91
75,141
28,29
33,144
46,83
65,96
68,101
128,152
26,104
67,142
39,43
70,147
42,85
28,150
47,163
0,88
13,27
32,40
63,144
104,145
16,32
95,96
56,104
28,42
74,158
46,96
13,148
32,161
5,58
51,174
16,153
35,166
150,153
7,104
67,155
153,158
20,43
39,56
28,163
102,112
5,179
13,40
25,94
35,58
81,174
39,177
37,104
96,159
8,46
27,59
30,64
71,102
35,179
20,56
9,163
50,164
69,177
8,167
41,115
85,121
62,174
15,62
20,177
6,13
18,67
59,105
4,169
50,56
96,172
55,134
8,59
11,64
38,167
71,115
112,116
30,77
1,19
92,174
4,61
45,62
64,75
124,126
3,65
22,78
127,131
85,134
126,135
38,59
24,124
15,75
1,140
33,65
52,78
10,81
115,134
1,32
31,140
3,78
22,91
19,22
63,65
1,153
40,81
31,32
42,127
80,153
33,78
10,94
7,25
26,38
12,140
86,89
31,153
70,81
28,84
0,22
82,91
68,156
81,95
26,159
125,138
58,148
42,140
14,41
74,92
32,95
137,148
35,100
7,38
34,141
67,89
72,167
56,159
0,35
46,151
151,167
68,169
2,44
62,95
7,159
141,159
125,151
37,38
23,103
102,167
74,105
13,95
16,100
35,113
48,52
92,95
37,159
6,55
50,98
25,41
62,108
4,103
83,167
124,168
55,68
13,108
16,113
29,52
15,117
6,68
69,124
110,125
8,114
113,167
24,58
43,71
84,109
122,135
1,74
64,130
17,55
36,68
96,119
25,175
38,114
10,15
15,130
54,58
31,74
91,125
3,12
22,25
8,127
52,133
43,84
84,122
10,136
17,68
77,82
61,74
121,125
79,128
10,28
73,84
12,74
3,25
75,130
135,144
93,147
5,34
65,85
109,128
128,141
67,131
26,93
58,82
42,74
79,141
82,146
56,93
74,147
46,85
65,98
51,163
68,103
35,155
67,144
42,87
83,88
0,90
41,91
5,168
13,29
32,42
51,55
16,34
81,163
34,88
39,166
56,106
28,44
13,150
32,163
16,155
35,168
20,45
39,58
111,163
4,37
23,50
9,152
28,165
27,169
25,96
13,42
30,174
2,112
62,163
81,176
122,177
20,166
39,179
4,158
96,161
13,163
71,104
16,168
57,169
2,4
1,8
20,58
92,163
4,50
69,179
22,67
8,169
11,174
2,125
43,126
15,64
20,179
18,69
96,174
52,67
73,126
50,179
3,67
85,136
24,126
84,177
15,77
1,142
163,177
33,67
112,131
10,83
115,136
54,126
12,129
0,11
126,150
65,140
63,67
68,145
1,155
40,83
74,81
10,96
95,140
114,153
26,40
12,142
67,78
89,96
107,150
0,24
46,140
65,153
40,96
141,148
39,100
125,140
144,153
42,142
14,43
0,145
74,94
13,84
35,102
95,153
7,40
67,91
70,96
5,115
46,153
25,30
2,46
81,110
26,174
34,35
20,100
125,153
39,113
14,56
55,57
0,158
16,102
2,167
35,115
136,167
29,41
34,156
50,100
69,113
14,177
25,43
44,56
30,121
71,159
62,110
20,113
166,167
4,105
64,119
17,44
36,57
25,164
44,177
38,103
15,119
50,113
27,129
17,57
3,122
36,70
22,135
38,116
10,17
12,63
110,140
3,14
22,27
33,122
66,70
52,135
24,73
65,74
84,124
1,89
128,130
58,71
22,148
10,30
31,89
33,135
5,36
46,74
65,87
68,92
26,95
67,133
58,84
28,141
82,148
35,36
81,152
37,82
56,95
9,20
28,33
14,98
74,149
32,152
7,95
20,34
23,39
9,141
47,167
0,92
41,93
13,31
32,44
44,98
16,36
35,49
81,165
20,155
39,168
37,95
9,33
27,50
32,165
30,55
71,93
35,170
150,157
20,47
6,112
111,165
4,39
23,52
50,155
83,103
69,168
25,98
13,44
145,163
62,165
122,179
20,168
59,96
36,112
96,163
55,125
8,50
13,165
11,55
30,68
16,170
48,122
1,10
92,165
6,125
152,179
4,52
50,168
22,69
85,125
38,50
2,127
43,128
84,166
103,179
15,66
1,131
78,122
17,112
36,125
163,166
11,68
52,69
115,125
73,128
3,69
22,82
108,122
66,125
167,177
126,139
24,128
84,179
43,141
1,144
17,125
58,126
163,179
52,82
10,85
73,141
114,142
26,29
12,131
3,82
88,126
0,13
126,152
5,91
24,141
65,142
68,147
40,85
26,150
42,131
33,82
74,83
93,96
95,142
26,42
12,144
70,85
28,88
129,140
148,153
0,26
46,142
65,155
7,150
26,163
141,150
125,142
39,102
144,155
42,144
0,147
74,96
51,112
95,155
7,42
37,150
56,163
9,88
28,101
129,153
46,155
25,32
30,110
62,99
7,163
81,112
34,37
20,102
39,115
125,155
37,42
4,94
36,46
55,59
96,97
25,153
44,166
16,104
2,169
136,169
29,43
139,174
6,59
37,163
97,177
50,102
69,115
14,179
113,158
43,62
84,100
122,126
20,115
105,159
17,46
36,59
96,110
22,124
127,177
44,179
15,121
50,115
17,167
110,129
52,124
24,62
43,75
84,113
103,126
1,78
17,59
3,124
22,137
61,65
10,19
82,124
73,75
59,177
12,65
31,78
3,16
75,121
33,124
10,140
68,81
58,73
89,140
42,65
10,32
40,140
75,134
74,138
5,38
65,89
10,153
49,81
68,94
128,145
7,84
67,135
70,140
89,153
42,78
0,81
13,20
32,33
16,25
35,38
40,153
81,154
39,157
37,84
9,22
28,35
14,100
13,141
5,51
46,89
51,167
35,159
26,110
67,148
20,36
70,153
23,41
83,92
13,33
32,46
44,100
16,38
2,103
35,51
62,154
81,167
56,110
9,35
14,113
55,114
96,152
8,39
27,52
13,154
32,167
11,44
71,95
16,159
6,114
111,167
4,41
25,100
85,114
38,39
62,167
103,168
15,55
20,170
36,114
96,165
8,52
27,65
11,57
30,70
1,12
6,127
92,167
64,68
3,58
22,71
85,127
38,52
57,65
84,168
43,130
15,68
59,111
17,114
163,168
77,128
33,58
52,71
38,173
112,122
10,74
115,127
1,25
73,130
45,68
3,71
22,84
33,179
126,141
167,179
24,130
84,181
40,74
100,125
17,127
58,128
77,141
33,71
52,84
114,144
67,69
70,74
88,128
107,141
0,15
126,154
5,93
65,144
82,84
81,88
26,152
58,141
14,34
0,136
74,85
35,93
95,144
26,44
67,82
88,141
14,155
148,155
0,28
46,144
65,157
62,88
81,101
26,165
141,152
20,91
39,104
125,144
83,147
